CASE_ID, Atividade, Duracao
1,Producao,58
2,Producao,59
3,Producao,61
4,Producao,60
5,Producao,58
6,Producao,83
7,Producao,58
8,Producao,60
9,Producao,60
10,Producao,64
11,Producao,55
12,Producao,43
12,Falta de operador,1457
13,Producao,62
14,Producao,83
15,Producao,110
16,Producao,67
17,Producao,138
18,Producao,61
19,Producao,60
20,Producao,69
21,Producao,61
22,Producao,62
23,Producao,62
24,Producao,59
25,Producao,44
25,Falta de operador,131
26,Producao,61
27,Producao,57
28,Producao,65
29,Producao,77
30,Producao,60
31,Producao,59
32,Producao,64
33,Producao,72
34,Producao,64
35,Producao,60
36,Producao,43
36,Reunioes,2993
37,Producao,62
38,Producao,63
39,Producao,69
40,Producao,62
41,Producao,61
42,Producao,61
43,Producao,79
44,Producao,58
45,Producao,62
46,Producao,61
47,Producao,58
48,Producao,60
49,Producao,78
50,Producao,66
51,Producao,60
52,Producao,58
53,Producao,57
54,Producao,65
55,Producao,59
56,Producao,117
57,Producao,58
58,Producao,58
59,Producao,56
60,Producao,57
61,Producao,60
62,Producao,57
63,Producao,58
64,Producao,95
65,Producao,56
66,Producao,58
67,Producao,43
67,Reunioes,306
68,Producao,68
69,Producao,58
70,Producao,60
71,Producao,59
72,Producao,58
73,Producao,61
74,Producao,65
75,Producao,65
76,Producao,59
77,Producao,58
78,Producao,60
79,Producao,59
80,Producao,58
81,Producao,58
82,Producao,59
83,Producao,59
84,Producao,59
85,Producao,110
86,Producao,61
87,Producao,129
88,Producao,58
89,Producao,60
90,Producao,44
90,Intervalo,190
91,Producao,61
92,Producao,57
93,Producao,64
94,Producao,60
95,Producao,65
96,Producao,56
97,Producao,57
98,Producao,66
99,Producao,92
100,Producao,43
100,Falta de operador,315
101,Producao,62
102,Producao,59
103,Producao,105
104,Producao,58
105,Producao,60
106,Producao,63
107,Producao,61
108,Producao,88
109,Producao,59
110,Producao,57
111,Producao,60
112,Producao,44
112,Intervalo,182
113,Producao,56
114,Producao,59
115,Producao,67
116,Producao,43
116,Falta de operador,268
117,Producao,44
117,Falta de operador,125
118,Producao,59
119,Producao,94
120,Producao,64
121,Producao,57
122,Producao,59
123,Producao,57
124,Producao,122
125,Producao,57
126,Producao,59
127,Producao,106
128,Producao,58
129,Producao,58
130,Producao,56
131,Producao,44
131,Reajustes,118
132,Producao,62
133,Producao,114
134,Producao,58
135,Producao,72
136,Producao,70
137,Producao,61
138,Producao,66
139,Producao,77
140,Producao,71
141,Producao,62
142,Producao,58
143,Producao,57
144,Producao,58
145,Producao,60
146,Producao,60
147,Producao,63
148,Producao,58
149,Producao,58
150,Producao,61
151,Producao,58
152,Producao,59
153,Producao,63
154,Producao,63
155,Producao,59
156,Producao,58
157,Producao,44
157,Falta de operador,3965
158,Producao,60
159,Producao,85
160,Producao,62
161,Producao,137
162,Producao,59
163,Producao,70
164,Producao,83
165,Producao,62
166,Producao,102
167,Producao,44
167,Reajustes,310
168,Producao,76
169,Producao,57
170,Producao,57
171,Producao,60
172,Producao,60
173,Producao,80
174,Producao,60
175,Producao,90
176,Producao,58
177,Producao,61
178,Producao,62
179,Producao,66
180,Producao,74
181,Producao,60
182,Producao,43
182,Reajustes,147
183,Producao,57
184,Producao,93
185,Producao,40
185,Desgaste de ferramenta,186
186,Producao,58
187,Producao,63
188,Producao,59
189,Producao,57
190,Producao,40
190,Reajustes,156
191,Producao,41
191,Reajustes,158
192,Producao,65
193,Producao,53
194,Producao,52
195,Producao,53
196,Producao,56
197,Producao,57
198,Producao,57
199,Producao,74
200,Producao,71
201,Producao,81
202,Producao,58
203,Producao,71
204,Producao,56
205,Producao,64
206,Producao,55
207,Producao,55
208,Producao,54
209,Producao,55
210,Producao,55
211,Producao,56
212,Producao,41
212,Reajustes,5391
213,Producao,45
213,Reajustes,120
214,Producao,61
215,Producao,43
215,Reajustes,291
216,Producao,94
217,Producao,63
218,Producao,43
218,Conferencia de Kanban,181
219,Producao,57
220,Producao,61
221,Producao,61
222,Producao,44
222,Reajustes,156
223,Producao,59
224,Producao,70
225,Producao,61
226,Producao,59
227,Producao,106
228,Producao,76
229,Producao,67
230,Producao,88
231,Producao,58
232,Producao,81
233,Producao,87
234,Producao,69
235,Producao,61
236,Producao,67
237,Producao,62
238,Producao,63
239,Producao,62
240,Producao,61
241,Producao,64
242,Producao,63
243,Producao,60
244,Producao,61
245,Producao,81
246,Producao,61
247,Producao,89
248,Producao,61
249,Producao,43
249,Conferencia de Kanban,307
250,Producao,79
251,Producao,44
251,Reajustes,208
252,Producao,127
253,Producao,79
254,Producao,61
255,Producao,70
256,Producao,59
257,Producao,60
258,Producao,54
259,Producao,60
260,Producao,63
261,Producao,61
262,Producao,60
263,Producao,59
264,Producao,74
265,Producao,62
266,Producao,145
267,Producao,57
268,Producao,60
269,Producao,72
270,Producao,78
271,Producao,59
272,Producao,57
273,Producao,58
274,Producao,60
275,Producao,59
276,Producao,61
277,Producao,64
278,Producao,62
279,Producao,65
280,Producao,62
281,Producao,64
282,Producao,43
282,Conferencia de Kanban,411
283,Producao,82
284,Producao,58
285,Producao,61
286,Producao,66
287,Producao,58
288,Producao,74
289,Producao,61
290,Producao,62
291,Producao,61
292,Producao,58
293,Producao,63
294,Producao,59
295,Producao,58
296,Producao,81
297,Producao,62
298,Producao,59
299,Producao,63
300,Producao,58
301,Producao,77
302,Producao,44
302,Conferencia de Kanban,147
303,Producao,43
303,Intervalos,1800
303,Intervalos,278
304,Producao,64
305,Producao,61
306,Producao,60
307,Producao,59
308,Producao,60
309,Producao,64
310,Producao,63
311,Producao,63
312,Producao,69
313,Producao,59
314,Producao,59
315,Producao,78
316,Producao,64
317,Producao,44
317,Desgaste de ferramenta,148
318,Producao,62
319,Producao,62
320,Producao,59
321,Producao,65
322,Producao,73
323,Producao,57
324,Producao,90
325,Producao,60
326,Producao,62
327,Producao,63
328,Producao,63
329,Producao,57
330,Producao,61
331,Producao,59
332,Producao,67
333,Producao,131
334,Producao,41
334,Reajustes,224
335,Producao,68
336,Producao,139
337,Producao,88
338,Producao,58
339,Producao,41
339,Conferencia de Kanban,213
340,Producao,55
341,Producao,71
342,Producao,71
343,Producao,59
344,Producao,101
345,Producao,59
346,Producao,55
347,Producao,59
348,Producao,78
349,Producao,140
350,Producao,57
351,Producao,58
352,Producao,69
353,Producao,71
354,Producao,41
354,Reajustes,175
355,Producao,41
355,Conferencia de Kanban,253
356,Producao,60
357,Producao,60
358,Producao,56
359,Producao,40
359,Conferencia de Kanban,406
360,Producao,41
360,Reajustes,173
361,Producao,40
361,Conferencia de Kanban,230
362,Producao,123
363,Producao,57
364,Producao,64
365,Producao,40
365,Reajustes,559
366,Producao,86
367,Producao,60
368,Producao,72
369,Producao,52
370,Producao,59
371,Producao,107
372,Producao,72
373,Producao,134
374,Producao,72
375,Producao,103
376,Producao,90
377,Producao,63
378,Producao,60
379,Producao,60
380,Producao,76
381,Producao,59
382,Producao,64
383,Producao,129
384,Producao,60
385,Producao,121
387,Producao,55
388,Producao,73
389,Producao,59
390,Producao,57
391,Producao,59
392,Producao,57
393,Producao,58
394,Producao,58
395,Producao,105
396,Producao,59
397,Producao,56
398,Producao,57
399,Producao,58
400,Producao,133
401,Producao,44
401,Medicao,668
402,Producao,50
403,Producao,57
404,Producao,59
405,Producao,57
406,Producao,58
407,Producao,64
408,Producao,66
409,Producao,58
410,Producao,58
411,Producao,56
412,Producao,59
413,Producao,58
414,Producao,60
415,Producao,60
416,Producao,58
417,Producao,56
418,Producao,57
419,Producao,71
420,Producao,56
421,Producao,59
422,Producao,135
423,Producao,85
424,Producao,57
425,Producao,56
426,Producao,81
427,Producao,57
428,Producao,57
429,Producao,58
430,Producao,58
431,Producao,59
432,Producao,86
433,Producao,110
434,Producao,139
435,Producao,43
435,Falta de operador,160
436,Producao,59
437,Producao,62
438,Producao,74
439,Producao,60
440,Producao,59
441,Producao,59
442,Producao,44
442,Falta de operador,465
443,Producao,57
444,Producao,58
445,Producao,57
446,Producao,60
447,Producao,59
448,Producao,61
449,Producao,57
450,Producao,56
451,Producao,57
452,Producao,58
453,Producao,44
453,Falta de operador,219
454,Producao,64
455,Producao,63
456,Producao,59
457,Producao,69
458,Producao,59
459,Producao,61
460,Producao,59
461,Producao,58
462,Producao,58
463,Producao,65
464,Producao,43
464,Intervalo,144
465,Producao,60
466,Producao,60
467,Producao,66
468,Producao,57
469,Producao,127
470,Producao,72
471,Producao,62
472,Producao,43
472,Falta de operador,285
473,Producao,43
473,Falta de operador,265
474,Producao,60
475,Producao,63
476,Producao,59
477,Producao,57
478,Producao,57
479,Producao,57
480,Producao,56
481,Producao,88
482,Producao,58
483,Producao,60
484,Producao,77
485,Producao,60
486,Producao,58
487,Producao,57
488,Producao,60
489,Producao,57
490,Producao,57
491,Producao,58
492,Producao,59
493,Producao,60
494,Producao,58
495,Producao,59
496,Producao,60
497,Producao,57
498,Producao,60
499,Producao,58
500,Producao,60
501,Producao,57
502,Producao,59
503,Producao,57
504,Producao,57
505,Producao,60
506,Producao,60
507,Producao,64
508,Producao,55
509,Producao,59
510,Producao,59
511,Producao,57
512,Producao,62
513,Producao,57
514,Producao,67
515,Producao,59
516,Producao,58
517,Producao,57
518,Producao,57
519,Producao,65
520,Producao,60
521,Producao,60
522,Producao,58
523,Producao,59
524,Producao,58
525,Producao,56
526,Producao,58
527,Producao,61
528,Producao,58
529,Producao,59
530,Producao,63
531,Producao,58
532,Producao,57
533,Producao,58
534,Producao,59
535,Producao,57
536,Producao,58
537,Producao,65
538,Producao,59
539,Producao,58
540,Producao,57
541,Producao,58
542,Producao,61
543,Producao,58
544,Producao,60
545,Producao,57
546,Producao,60
547,Producao,61
548,Producao,44
548,Falta de operador,150
549,Producao,59
550,Producao,58
551,Producao,57
552,Producao,43
552,Falta de operador,192
553,Producao,57
554,Producao,56
555,Producao,59
556,Producao,60
557,Producao,58
558,Producao,62
559,Producao,60
560,Producao,43
560,Intervalos,1800
560,Intervalos,178
561,Producao,62
562,Producao,66
563,Producao,58
564,Producao,57
565,Producao,60
566,Producao,59
567,Producao,59
568,Producao,59
569,Producao,60
570,Producao,63
571,Producao,60
572,Producao,57
573,Producao,56
574,Producao,60
575,Producao,44
575,Falta de operador,127
576,Producao,57
577,Producao,57
578,Producao,61
579,Producao,71
580,Producao,63
581,Producao,142
582,Producao,58
583,Producao,57
584,Producao,59
585,Producao,58
586,Producao,59
587,Producao,59
588,Producao,57
589,Producao,115
590,Producao,58
591,Producao,58
592,Producao,59
593,Producao,57
594,Producao,59
595,Producao,57
596,Producao,58
597,Producao,59
598,Producao,57
599,Producao,59
600,Producao,59
601,Producao,61
602,Producao,62
603,Producao,58
604,Producao,57
605,Producao,56
606,Producao,58
607,Producao,66
608,Producao,58
609,Producao,59
610,Producao,61
611,Producao,58
612,Producao,60
613,Producao,57
614,Producao,64
615,Producao,64
616,Producao,129
617,Producao,44
617,Falta de operador,158
618,Producao,59
619,Producao,63
620,Producao,43
620,Falta de operador,203
621,Producao,44
621,Reajustes,685
622,Producao,61
623,Producao,66
624,Producao,58
625,Producao,60
626,Producao,57
627,Producao,59
628,Producao,57
629,Producao,58
630,Producao,60
631,Producao,63
632,Producao,57
633,Producao,58
634,Producao,58
635,Producao,61
636,Producao,57
637,Producao,60
638,Producao,59
639,Producao,62
640,Producao,44
640,Intervalo,125
641,Producao,72
642,Producao,62
643,Producao,58
644,Producao,60
645,Producao,60
646,Producao,58
647,Producao,59
648,Producao,57
649,Producao,59
650,Producao,57
651,Producao,58
652,Producao,57
653,Producao,147
654,Producao,96
655,Producao,66
656,Producao,61
657,Producao,60
658,Producao,58
659,Producao,57
660,Producao,62
661,Producao,58
662,Producao,57
663,Producao,59
664,Producao,103
665,Producao,59
666,Producao,58
667,Producao,70
668,Producao,57
669,Producao,64
670,Producao,62
671,Producao,60
672,Producao,58
673,Producao,60
674,Producao,58
675,Producao,57
676,Producao,61
677,Producao,61
678,Producao,63
679,Producao,58
680,Producao,67
681,Producao,77
682,Producao,59
683,Producao,59
684,Producao,59
685,Producao,59
686,Producao,56
687,Producao,64
688,Producao,59
689,Producao,58
690,Producao,58
691,Producao,59
692,Producao,61
693,Producao,58
694,Producao,58
695,Producao,58
696,Producao,60
697,Producao,66
698,Producao,62
699,Producao,59
700,Producao,61
701,Producao,84
702,Producao,64
703,Producao,56
704,Producao,59
705,Producao,56
706,Producao,60
707,Producao,59
708,Producao,43
708,Conferencia de Kanban,440
709,Producao,57
710,Producao,56
711,Producao,57
712,Producao,55
713,Producao,57
714,Producao,61
715,Producao,58
716,Producao,57
717,Producao,55
718,Producao,57
719,Producao,57
720,Producao,58
721,Producao,57
722,Producao,58
723,Producao,55
724,Producao,56
725,Producao,44
725,Falta de operador,129
726,Producao,56
727,Producao,56
728,Producao,55
729,Producao,75
730,Producao,56
731,Producao,55
732,Producao,56
733,Producao,58
734,Producao,57
735,Producao,44
735,Falta de ferramenta,1321
736,Producao,65
737,Producao,146
738,Producao,54
739,Producao,80
740,Producao,60
741,Producao,82
742,Producao,57
743,Producao,59
744,Producao,69
745,Producao,58
746,Producao,60
747,Producao,56
748,Producao,97
749,Producao,58
750,Producao,59
751,Producao,145
752,Producao,61
753,Producao,59
754,Producao,67
755,Producao,58
756,Producao,43
756,Desgaste de ferramenta,204
757,Producao,70
758,Producao,62
759,Producao,59
760,Producao,58
761,Producao,81
762,Producao,60
763,Producao,115
764,Producao,63
765,Producao,60
766,Producao,61
767,Producao,67
768,Producao,83
769,Producao,56
770,Producao,57
771,Producao,55
772,Producao,40
772,Reajustes,132
773,Producao,60
774,Producao,56
775,Producao,55
776,Producao,54
777,Producao,55
778,Producao,56
779,Producao,57
780,Producao,64
781,Producao,55
782,Producao,55
783,Producao,54
784,Producao,63
785,Producao,55
786,Producao,55
787,Producao,57
788,Producao,55
789,Producao,56
790,Producao,57
791,Producao,83
792,Producao,74
793,Producao,58
794,Producao,56
795,Producao,56
796,Producao,56
797,Producao,55
798,Producao,120
799,Producao,40
799,Conferencia de Kanban,336
800,Producao,60
801,Producao,57
802,Producao,54
803,Producao,55
804,Producao,102
805,Producao,59
806,Producao,52
807,Producao,54
808,Producao,61
809,Producao,75
810,Producao,56
811,Producao,61
812,Producao,114
813,Producao,58
814,Producao,56
815,Producao,55
816,Producao,61
817,Producao,59
818,Producao,54
819,Producao,55
820,Producao,56
821,Producao,58
822,Producao,61
823,Producao,61
824,Producao,54
825,Producao,126
826,Producao,96
827,Producao,93
828,Producao,53
829,Producao,71
830,Producao,87
831,Producao,130
832,Producao,57
833,Producao,55
834,Producao,67
835,Producao,53
836,Producao,56
837,Producao,124
838,Producao,70
839,Producao,40
839,Reajustes,154
840,Producao,82
841,Producao,56
842,Producao,111
843,Producao,41
843,Conferencia de Kanban,119
844,Producao,129
845,Producao,63
846,Producao,54
847,Producao,60
848,Producao,40
848,Desgaste de ferramenta,139
849,Producao,41
849,Conferencia de Kanban,472
850,Producao,74
851,Producao,54
852,Producao,56
853,Producao,67
854,Producao,65
855,Producao,57
856,Producao,56
857,Producao,59
858,Producao,57
859,Producao,59
860,Producao,57
861,Producao,129
862,Producao,56
863,Producao,40
863,Desgaste de ferramenta,183
864,Producao,55
865,Producao,54
866,Producao,71
867,Producao,63
868,Producao,55
869,Producao,53
870,Producao,41
870,Reajustes,132
871,Producao,55
872,Producao,57
873,Producao,57
874,Producao,55
875,Producao,56
876,Producao,40
876,Desgaste de ferramenta,1155
877,Producao,97
878,Producao,61
879,Producao,65
880,Producao,58
881,Producao,60
882,Producao,58
883,Producao,60
884,Producao,91
885,Producao,59
886,Producao,110
887,Producao,75
888,Producao,58
889,Producao,66
890,Producao,58
891,Producao,59
892,Producao,56
893,Producao,57
894,Producao,58
895,Producao,77
896,Producao,59
897,Producao,67
898,Producao,59
899,Producao,58
900,Producao,87
901,Producao,74
902,Producao,68
903,Producao,58
904,Producao,59
905,Producao,56
906,Producao,58
907,Producao,67
908,Producao,59
909,Producao,63
910,Producao,62
911,Producao,61
912,Producao,62
913,Producao,64
914,Producao,59
915,Producao,58
916,Producao,66
917,Producao,58
918,Producao,60
919,Producao,61
920,Producao,57
921,Producao,44
921,Conferencia de Kanban,239
922,Producao,71
923,Producao,44
923,Desgaste de ferramenta,333
924,Producao,43
924,Reajustes,117
925,Producao,58
926,Producao,43
926,Reajustes,349
927,Producao,107
928,Producao,60
929,Producao,81
930,Producao,86
931,Producao,60
932,Producao,59
933,Producao,58
934,Producao,60
935,Producao,43
935,Conferencia de Kanban,276
936,Producao,44
936,Desgaste de ferramenta,317
937,Producao,65
938,Producao,62
939,Producao,60
940,Producao,120
941,Producao,59
942,Producao,58
943,Producao,54
944,Producao,59
945,Producao,62
946,Producao,61
947,Producao,61
948,Producao,116
949,Producao,67
950,Producao,60
951,Producao,60
952,Producao,60
953,Producao,73
954,Producao,44
954,Reajustes,112
955,Producao,65
956,Producao,59
957,Producao,65
958,Producao,61
959,Producao,61
960,Producao,43
960,Reajustes,123
961,Producao,57
962,Producao,61
963,Producao,59
964,Producao,58
965,Producao,64
966,Producao,60
967,Producao,72
968,Producao,65
969,Producao,65
970,Producao,89
971,Producao,61
972,Producao,53
973,Producao,58
974,Producao,71
975,Producao,101
976,Producao,67
977,Producao,45
977,Conferencia de Kanban,189
978,Producao,59
979,Producao,65
980,Producao,65
981,Producao,58
982,Producao,61
983,Producao,60
984,Producao,84
985,Producao,66
986,Producao,77
987,Producao,75
988,Producao,61
989,Producao,62
990,Producao,44
990,Reajustes,148
991,Producao,62
992,Producao,81
993,Producao,73
994,Producao,61
995,Producao,45
995,Reajustes,2166
996,Producao,60
997,Producao,59
998,Producao,121
999,Producao,88
1000,Producao,143
1001,Producao,60
1002,Producao,93
1003,Producao,43
1003,Reajustes,107
1004,Producao,67
1005,Producao,60
1006,Producao,71
1007,Producao,43
1007,Conferencia de Kanban,139
1008,Producao,120
1009,Producao,66
1010,Producao,43
1010,Reajustes,158
1011,Producao,134
1012,Producao,44
1012,Conferencia de Kanban,275
1013,Producao,44
1013,Reajustes,123
1014,Producao,117
1015,Producao,75
1016,Producao,65
1017,Producao,63
1019,Producao,87
1020,Producao,121
1021,Producao,84
1022,Producao,60
1023,Producao,59
1024,Producao,53
1025,Producao,58
1026,Producao,71
1027,Producao,43
1027,Desgaste de ferramenta,116
1028,Producao,59
1029,Producao,58
1030,Producao,57
1031,Producao,56
1032,Producao,55
1033,Producao,57
1034,Producao,40
1034,Reajustes,336
1035,Producao,72
1036,Producao,56
1037,Producao,54
1038,Producao,57
1039,Producao,118
1040,Producao,57
1041,Producao,59
1042,Producao,65
1043,Producao,64
1044,Producao,58
1045,Producao,40
1045,Conferencia de Kanban,126
1046,Producao,56
1047,Producao,55
1048,Producao,61
1049,Producao,64
1050,Producao,40
1050,Desgaste de ferramenta,127
1051,Producao,102
1052,Producao,54
1053,Producao,56
1054,Producao,57
1055,Producao,81
1056,Producao,64
1057,Producao,57
1058,Producao,56
1059,Producao,54
1060,Producao,52
1061,Producao,55
1062,Producao,84
1063,Producao,134
1064,Producao,65
1065,Producao,55
1066,Producao,62
1067,Producao,53
1068,Producao,56
1069,Producao,58
1070,Producao,55
1071,Producao,53
1072,Producao,56
1073,Producao,41
1073,Desgaste de ferramenta,462
1074,Producao,63
1075,Producao,65
1076,Producao,57
1077,Producao,41
1077,Reajustes,114
1078,Producao,63
1079,Producao,57
1080,Producao,56
1081,Producao,58
1082,Producao,54
1083,Producao,58
1084,Producao,55
1085,Producao,59
1086,Producao,64
1087,Producao,58
1088,Producao,56
1089,Producao,55
1090,Producao,41
1090,Reajustes,166
1091,Producao,54
1092,Producao,57
1093,Producao,55
1094,Producao,60
1095,Producao,54
1096,Producao,40
1096,Reajustes,200
1097,Producao,40
1097,Desgaste de ferramenta,158
1098,Producao,60
1099,Producao,141
1100,Producao,40
1100,Reajustes,286
1101,Producao,60
1102,Producao,81
1103,Producao,65
1104,Producao,56
1105,Producao,40
1105,Reajustes,111
1106,Producao,67
1107,Producao,56
1108,Producao,70
1109,Producao,66
1110,Producao,40
1110,Conferencia de Kanban,273
1111,Producao,123
1112,Producao,67
1113,Producao,56
1114,Producao,58
1115,Producao,60
1116,Producao,65
1117,Producao,40
1117,Reajustes,111
1118,Producao,54
1119,Producao,52
1120,Producao,56
1121,Producao,59
1122,Producao,55
1123,Producao,56
1124,Producao,56
1125,Producao,59
1126,Producao,59
1127,Producao,63
1128,Producao,40
1128,Reajustes,200
1129,Producao,63
1130,Producao,104
1131,Producao,41
1131,Reajustes,200
1132,Producao,97
1133,Producao,41
1133,Falta de ferramenta,4072
1134,Producao,65
1135,Producao,63
1136,Producao,64
1137,Producao,63
1138,Producao,63
1139,Producao,70
1140,Producao,63
1141,Producao,64
1142,Producao,67
1143,Producao,88
1144,Producao,66
1145,Producao,68
1146,Producao,63
1147,Producao,67
1148,Producao,66
1149,Producao,119
1150,Producao,49
1150,Falta de operador,390
1151,Producao,71
1152,Producao,67
1153,Producao,65
1154,Producao,63
1155,Producao,62
1156,Producao,66
1157,Producao,67
1158,Producao,62
1159,Producao,66
1160,Producao,64
1161,Producao,62
1162,Producao,63
1163,Producao,49
1163,Intervalo,131
1164,Producao,68
1165,Producao,65
1166,Producao,64
1167,Producao,64
1168,Producao,66
1169,Producao,64
1170,Producao,60
1171,Producao,59
1172,Producao,74
1173,Producao,58
1174,Producao,56
1175,Producao,59
1176,Producao,58
1177,Producao,59
1178,Producao,59
1179,Producao,57
1180,Producao,58
1181,Producao,86
1182,Producao,71
1183,Producao,56
1184,Producao,58
1185,Producao,58
1186,Producao,58
1187,Producao,58
1188,Producao,60
1189,Producao,60
1190,Producao,57
1191,Producao,57
1192,Producao,63
1193,Producao,61
1194,Producao,60
1195,Producao,58
1196,Producao,59
1197,Producao,64
1198,Producao,58
1199,Producao,64
1200,Producao,61
1201,Producao,56
1202,Producao,60
1203,Producao,60
1204,Producao,62
1205,Producao,61
1206,Producao,57
1207,Producao,57
1208,Producao,64
1209,Producao,62
1210,Producao,61
1211,Producao,58
1212,Producao,57
1213,Producao,67
1214,Producao,59
1215,Producao,57
1216,Producao,65
1217,Producao,57
1218,Producao,43
1218,Intervalo,262
1219,Producao,64
1220,Producao,58
1221,Producao,44
1221,Falta de operador,827
1222,Producao,58
1223,Producao,55
1224,Producao,58
1225,Producao,57
1226,Producao,59
1228,Producao,58
1229,Producao,58
1230,Producao,58
1231,Producao,57
1232,Producao,60
1233,Producao,61
1234,Producao,59
1235,Producao,62
1236,Producao,57
1237,Producao,59
1238,Producao,60
1239,Producao,57
1240,Producao,58
1241,Producao,61
1242,Producao,65
1243,Producao,59
1244,Producao,62
1245,Producao,59
1246,Producao,61
1247,Producao,60
1248,Producao,61
1249,Producao,63
1250,Producao,58
1251,Producao,58
1252,Producao,62
1253,Producao,57
1254,Producao,57
1255,Producao,57
1256,Producao,57
1257,Producao,57
1258,Producao,57
1259,Producao,58
1260,Producao,58
1261,Producao,57
1262,Producao,60
1263,Producao,59
1264,Producao,57
1265,Producao,60
1266,Producao,59
1267,Producao,59
1268,Producao,60
1269,Producao,61
1270,Producao,61
1271,Producao,58
1272,Producao,58
1273,Producao,58
1274,Producao,60
1275,Producao,58
1276,Producao,58
1277,Producao,56
1278,Producao,94
1279,Producao,58
1280,Producao,58
1281,Producao,58
1282,Producao,59
1283,Producao,58
1284,Producao,43
1284,Falta de operador,133
1285,Producao,61
1286,Producao,58
1287,Producao,57
1288,Producao,56
1289,Producao,60
1290,Producao,102
1291,Producao,44
1291,Intervalo,228
1292,Producao,61
1293,Producao,58
1294,Producao,58
1295,Producao,57
1296,Producao,58
1297,Producao,68
1298,Producao,57
1299,Producao,60
1300,Producao,57
1301,Producao,57
1302,Producao,59
1303,Producao,58
1304,Producao,59
1305,Producao,58
1306,Producao,59
1307,Producao,62
1308,Producao,57
1309,Producao,58
1310,Producao,60
1311,Producao,108
1312,Producao,56
1313,Producao,59
1314,Producao,56
1315,Producao,56
1316,Producao,55
1317,Producao,57
1318,Producao,57
1319,Producao,60
1320,Producao,62
1321,Producao,60
1322,Producao,63
1323,Producao,58
1324,Producao,60
1325,Producao,56
1326,Producao,56
1327,Producao,58
1328,Producao,58
1329,Producao,60
1330,Producao,60
1331,Producao,59
1332,Producao,57
1333,Producao,56
1334,Producao,58
1335,Producao,58
1336,Producao,57
1337,Producao,59
1338,Producao,64
1339,Producao,65
1340,Producao,57
1341,Producao,60
1342,Producao,79
1343,Producao,44
1343,Falta de operador,240
1344,Producao,57
1345,Producao,61
1346,Producao,60
1347,Producao,145
1348,Producao,57
1349,Producao,57
1350,Producao,56
1351,Producao,59
1352,Producao,74
1353,Producao,59
1354,Producao,57
1355,Producao,58
1356,Producao,58
1357,Producao,57
1358,Producao,56
1359,Producao,56
1360,Producao,60
1361,Producao,63
1362,Producao,120
1363,Producao,99
1364,Producao,65
1365,Producao,44
1365,Falta de operador,109
1366,Producao,59
1367,Producao,58
1368,Producao,57
1369,Producao,59
1370,Producao,57
1371,Producao,61
1372,Producao,61
1373,Producao,59
1374,Producao,56
1375,Producao,58
1376,Producao,59
1377,Producao,58
1378,Producao,58
1379,Producao,57
1380,Producao,56
1381,Producao,104
1382,Producao,115
1383,Producao,40
1383,Limpeza,1479
1384,Producao,48
1385,Producao,143
1386,Producao,60
1387,Producao,89
1388,Producao,57
1389,Producao,68
1390,Producao,56
1391,Producao,59
1392,Producao,58
1393,Producao,59
1394,Producao,62
1395,Producao,65
1396,Producao,95
1397,Producao,58
1398,Producao,56
1399,Producao,63
1400,Producao,57
1401,Producao,65
1402,Producao,84
1403,Producao,63
1404,Producao,57
1405,Producao,128
1406,Producao,84
1407,Producao,58
1408,Producao,73
1409,Producao,61
1410,Producao,60
1411,Producao,134
1412,Producao,62
1413,Producao,68
1414,Producao,69
1415,Producao,65
1416,Producao,60
1417,Producao,59
1418,Producao,57
1419,Producao,60
1420,Producao,59
1421,Producao,92
1422,Producao,58
1423,Producao,105
1424,Producao,41
1424,Reajustes,146
1425,Producao,66
1426,Producao,53
1427,Producao,56
1428,Producao,55
1429,Producao,58
1430,Producao,55
1431,Producao,57
1432,Producao,55
1433,Producao,54
1434,Producao,52
1435,Producao,58
1436,Producao,52
1437,Producao,82
1438,Producao,53
1439,Producao,57
1440,Producao,84
1441,Producao,54
1442,Producao,54
1443,Producao,54
1444,Producao,55
1445,Producao,61
1446,Producao,55
1447,Producao,101
1448,Producao,55
1449,Producao,57
1450,Producao,40
1450,Desgaste de ferramenta,132
1451,Producao,40
1451,Conferencia de Kanban,381
1452,Producao,54
1453,Producao,55
1454,Producao,53
1455,Producao,58
1456,Producao,52
1457,Producao,53
1458,Producao,77
1459,Producao,57
1460,Producao,56
1461,Producao,55
1462,Producao,134
1463,Producao,73
1464,Producao,54
1465,Producao,57
1466,Producao,54
1467,Producao,55
1468,Producao,40
1468,Conferencia de Kanban,251
1469,Producao,57
1470,Producao,54
1471,Producao,58
1472,Producao,54
1473,Producao,56
1474,Producao,56
1475,Producao,65
1476,Producao,55
1477,Producao,54
1478,Producao,67
1479,Producao,43
1479,Reajustes,313
1480,Producao,57
1481,Producao,61
1482,Producao,62
1483,Producao,96
1484,Producao,112
1485,Producao,58
1486,Producao,71
1487,Producao,71
1488,Producao,62
1489,Producao,60
1490,Producao,60
1491,Producao,61
1492,Producao,57
1493,Producao,56
1494,Producao,59
1495,Producao,68
1496,Producao,92
1497,Producao,73
1498,Producao,40
1498,Reajustes,170
1499,Producao,55
1500,Producao,55
1501,Producao,55
1502,Producao,62
1503,Producao,61
1504,Producao,68
1505,Producao,122
1506,Producao,59
1507,Producao,56
1508,Producao,54
1509,Producao,59
1510,Producao,55
1511,Producao,56
1512,Producao,96
1513,Producao,55
1514,Producao,56
1515,Producao,66
1516,Producao,52
1517,Producao,55
1518,Producao,55
1519,Producao,40
1519,Desgaste de ferramenta,154
1520,Producao,58
1521,Producao,59
1522,Producao,56
1523,Producao,54
1524,Producao,57
1525,Producao,57
1526,Producao,56
1527,Producao,96
1528,Producao,93
1529,Producao,61
1530,Producao,58
1531,Producao,58
1532,Producao,59
1533,Producao,101
1534,Producao,75
1535,Producao,57
1536,Producao,98
1537,Producao,57
1538,Producao,72
1539,Producao,43
1539,Conferencia de Kanban,556
1540,Producao,56
1541,Producao,59
1542,Producao,96
1543,Producao,59
1544,Producao,72
1545,Producao,58
1546,Producao,103
1547,Producao,104
1548,Producao,82
1549,Producao,43
1549,Desgaste de ferramenta,160
1550,Producao,58
1551,Producao,70
1552,Producao,58
1553,Producao,76
1554,Producao,63
1555,Producao,78
1556,Producao,93
1557,Producao,57
1558,Producao,57
1559,Producao,58
1560,Producao,58
1561,Producao,66
1562,Producao,58
1563,Producao,57
1564,Producao,73
1565,Producao,43
1565,Reajustes,115
1566,Producao,56
1567,Producao,68
1568,Producao,118
1569,Producao,57
1570,Producao,59
1571,Producao,73
1572,Producao,66
1573,Producao,64
1574,Producao,68
1575,Producao,58
1576,Producao,74
1577,Producao,56
1578,Producao,78
1579,Producao,58
1580,Producao,60
1581,Producao,74
1582,Producao,56
1583,Producao,105
1584,Producao,59
1585,Producao,66
1586,Producao,83
1587,Producao,132
1588,Producao,56
1589,Producao,60
1590,Producao,57
1591,Producao,57
1592,Producao,60
1593,Producao,58
1594,Producao,62
1595,Producao,65
1596,Producao,59
1597,Producao,60
1598,Producao,79
1599,Producao,58
1600,Producao,72
1601,Producao,58
1602,Producao,142
1603,Producao,56
1604,Producao,58
1605,Producao,98
1606,Producao,73
1607,Producao,60
1608,Producao,77
1609,Producao,56
1610,Producao,60
1611,Producao,58
1612,Producao,43
1612,Conferencia de Kanban,179
1613,Producao,60
1613,Intervalos,1800
1613,Intervalos,296
1614,Producao,56
1615,Producao,60
1616,Producao,58
1617,Producao,57
1618,Producao,57
1619,Producao,60
1620,Producao,55
1621,Producao,59
1622,Producao,55
1623,Producao,58
1624,Producao,59
1625,Producao,68
1626,Producao,59
1627,Producao,56
1628,Producao,74
1629,Producao,56
1630,Producao,57
1631,Producao,112
1632,Producao,57
1633,Producao,56
1634,Producao,65
1635,Producao,56
1636,Producao,56
1637,Producao,57
1638,Producao,150
1639,Producao,57
1640,Producao,56
1641,Producao,68
1642,Producao,59
1643,Producao,57
1644,Producao,58
1645,Producao,58
1646,Producao,96
1647,Producao,80
1648,Producao,58
1649,Producao,57
1650,Producao,56
1651,Producao,60
1652,Producao,59
1653,Producao,56
1654,Producao,64
1655,Producao,57
1656,Producao,56
1657,Producao,58
1658,Producao,57
1659,Producao,58
1660,Producao,58
1661,Producao,62
1662,Producao,60
1663,Producao,56
1663,Falta de operador,336
1664,Producao,153
1665,Producao,69
1666,Producao,58
1666,Intervalo,437
1667,Producao,79
1668,Producao,60
1669,Producao,59
1670,Producao,63
1671,Producao,67
1672,Producao,65
1673,Producao,87
1674,Producao,56
1675,Producao,58
1675,Falta de operador,186
1676,Producao,57
1677,Producao,59
1678,Producao,56
1679,Producao,56
1680,Producao,60
1681,Producao,58
1682,Producao,58
1683,Producao,56
1684,Producao,56
1685,Producao,58
1686,Producao,71
1687,Producao,94
1688,Producao,67
1689,Producao,64
1690,Producao,136
1691,Producao,71
1692,Producao,64
1693,Producao,56
1694,Producao,59
1695,Producao,57
1696,Producao,59
1697,Producao,59
1698,Producao,110
1699,Producao,146
1700,Producao,57
1701,Producao,58
1702,Producao,57
1703,Producao,56
1704,Producao,55
1705,Producao,5014
1706,Producao,67
1707,Producao,82
1708,Producao,96
1709,Producao,72
1710,Producao,96
1711,Producao,67
1712,Producao,263
1713,Producao,79
1714,Producao,74
1715,Producao,68
1716,Producao,105
1717,Producao,75
1718,Producao,61
1719,Producao,63
1720,Producao,71
1721,Producao,68
1722,Producao,113
1723,Producao,76
1724,Producao,74
1725,Producao,96
1726,Producao,70
1727,Producao,69
1728,Producao,70
1729,Producao,63
1730,Producao,77
1731,Producao,87
1732,Producao,75
1733,Producao,65
1734,Producao,65
1735,Producao,113
1736,Producao,79
1737,Producao,125
1738,Producao,80
1739,Producao,97
1740,Producao,78
1741,Producao,77
1742,Producao,70
1743,Producao,78
1744,Producao,103
1745,Producao,75
1746,Producao,104
1747,Producao,69
1748,Producao,59
1749,Producao,64
1750,Producao,67
1751,Producao,64
1752,Producao,84
1753,Producao,978
1754,Producao,79
1755,Producao,80
1756,Producao,69
1757,Producao,83
1758,Producao,118
1759,Producao,107
1760,Producao,60
1761,Producao,95
1762,Producao,75
1763,Producao,183
1764,Producao,79
1765,Producao,157
1766,Producao,100
1767,Producao,75
1768,Producao,61
1769,Producao,62
1770,Producao,61
1771,Producao,114
1772,Producao,72
1773,Producao,61
1774,Producao,64
1775,Producao,67
1776,Producao,57
1777,Producao,61
1778,Producao,79
1779,Producao,63
1780,Producao,66
1781,Producao,149
1782,Producao,77
1783,Producao,66
1784,Producao,60
1785,Producao,66
1786,Producao,72
1787,Producao,274
1788,Producao,70
1789,Producao,72
1790,Producao,61
1791,Producao,63
1792,Producao,119
1793,Producao,76
1794,Producao,92
1795,Producao,102
1796,Producao,62
1797,Producao,69
1798,Producao,96
1799,Producao,73
1800,Producao,101
1801,Producao,79
1802,Producao,78
1803,Producao,90
1804,Producao,67
1805,Producao,65
1806,Producao,62
1807,Producao,65
1808,Producao,65
1809,Producao,59
1810,Producao,63
1811,Producao,59
1812,Producao,57
1813,Producao,99
1814,Producao,77
1815,Producao,90
1816,Producao,57
1817,Producao,71
1818,Producao,60
1819,Producao,68
1820,Producao,64
1821,Producao,84
1822,Producao,64
1823,Producao,84
1824,Producao,65
1825,Producao,62
1826,Producao,62
1827,Producao,77
1828,Producao,62
1829,Producao,68
1830,Producao,71
1831,Producao,78
1832,Producao,393
1833,Producao,67
1834,Producao,92
1835,Producao,79
1836,Producao,130
1837,Producao,73
1838,Producao,70
1839,Producao,79
1840,Producao,60
1841,Producao,65
1842,Producao,79
1843,Producao,62
1844,Producao,64
1845,Producao,69
1846,Producao,74
1847,Producao,75
1848,Producao,61
1849,Producao,56
1850,Producao,72
1851,Producao,70
1852,Producao,62
1853,Producao,97
1854,Producao,927
1855,Producao,37
1856,Producao,74
1857,Producao,202
1858,Producao,13237
1859,Producao,12
1860,Producao,19
1861,Producao,65
1862,Producao,50
1863,Producao,95
1864,Producao,76
1865,Producao,61
1866,Producao,64
1867,Producao,72
1868,Producao,61
1869,Producao,61
1870,Producao,58
1871,Producao,56
1872,Producao,59
1873,Producao,56
1874,Producao,59
1875,Producao,60
1876,Producao,61
1877,Producao,58
1878,Producao,60
1879,Producao,58
1880,Producao,58
1881,Producao,61
1882,Producao,67
1883,Producao,62
1884,Producao,63
1885,Producao,73
1886,Producao,59
1887,Producao,61
1888,Producao,61
1889,Producao,59
1890,Producao,61
1891,Producao,60
1892,Producao,62
1893,Producao,79
1894,Producao,76
1895,Producao,61
1896,Producao,61
1897,Producao,73
1898,Producao,58
1899,Producao,106
1900,Producao,64
1901,Producao,61
1902,Producao,61
1903,Producao,59
1904,Producao,60
1905,Producao,58
1906,Producao,58
1907,Producao,59
1908,Producao,58
1909,Producao,77
1910,Producao,59
1911,Producao,58
1912,Producao,60
1913,Producao,62
1914,Producao,59
1915,Producao,161
1916,Producao,60
1917,Producao,62
1918,Producao,65
1919,Producao,60
1920,Producao,59
1921,Producao,58
1922,Producao,59
1923,Producao,60
1924,Producao,58
1925,Producao,79
1926,Producao,65
1927,Producao,59
1928,Producao,60
1929,Producao,58
1930,Producao,85
1931,Producao,83
1932,Producao,59
1933,Producao,59
1934,Producao,60
1935,Producao,60
1936,Producao,58
1937,Producao,57
1938,Producao,56
1939,Producao,59
1940,Producao,56
1941,Producao,63
1942,Producao,60
1943,Producao,57
1944,Producao,58
1945,Producao,57
1946,Producao,60
1947,Producao,63
1948,Producao,57
1949,Producao,129
1950,Producao,106
1951,Producao,59
1952,Producao,84
1952,Falta de operador,158
1952,Falta de operador,179
1953,Producao,58
1954,Producao,60
1955,Producao,61
1956,Producao,58
1957,Producao,58
1958,Producao,58
1959,Producao,62
1960,Producao,80
1961,Producao,57
1962,Producao,60
1963,Producao,58
1964,Producao,58
1965,Producao,58
1966,Producao,58
1967,Producao,56
1968,Producao,58
1969,Producao,59
1970,Producao,58
1971,Producao,69
1972,Producao,58
1973,Producao,137
1974,Producao,58
1975,Producao,86
1976,Producao,58
1977,Producao,59
1978,Producao,117
1979,Producao,59
1980,Producao,57
1981,Producao,58
1982,Producao,57
1983,Producao,58
1984,Producao,57
1985,Producao,56
1986,Producao,59
1987,Producao,70
1988,Producao,59
1989,Producao,59
1990,Producao,58
1991,Producao,58
1992,Producao,58
1993,Producao,58
1994,Producao,60
1994,Falta de operador,1252
1995,Producao,58
1996,Producao,59
1997,Producao,60
1998,Producao,59
1999,Producao,58
2000,Producao,59
2001,Producao,58
2002,Producao,64
2003,Producao,61
2004,Producao,57
2005,Producao,57
2006,Producao,59
2007,Producao,83
2008,Producao,60
2009,Producao,68
2010,Producao,77
2011,Producao,58
2012,Producao,60
2013,Producao,63
2014,Producao,58
2015,Producao,60
2016,Producao,60
2017,Producao,61
2018,Producao,59
2019,Producao,66
2020,Producao,58
2021,Producao,61
2022,Producao,60
2023,Producao,62
2024,Producao,59
2025,Producao,60
2026,Producao,64
2027,Producao,59
2028,Producao,60
2029,Producao,58
2030,Producao,57
2031,Producao,64
2032,Producao,59
2033,Producao,58
2034,Producao,69
2035,Producao,60
2036,Producao,57
2037,Producao,57
2038,Producao,56
2039,Producao,56
2040,Producao,59
2041,Producao,58
2041,Falta de operador,5000
2042,Producao,58
2043,Producao,58
2044,Producao,60
2045,Producao,60
2046,Producao,59
2047,Producao,60
2048,Producao,60
2049,Producao,59
2050,Producao,68
2051,Producao,147
2052,Producao,60
2053,Producao,55
2054,Producao,58
2055,Producao,60
2056,Producao,59
2057,Producao,62
2058,Producao,67
2059,Producao,56
2060,Producao,56
2061,Producao,58
2062,Producao,59
2063,Producao,59
2064,Producao,67
2065,Producao,62
2066,Producao,59
2067,Producao,58
2068,Producao,62
2069,Producao,62
2070,Producao,66
2071,Producao,58
2072,Producao,57
2073,Producao,64
2074,Producao,66
2075,Producao,69
2076,Producao,55
2077,Producao,58
2078,Producao,65
2079,Producao,56
2080,Producao,57
2081,Producao,66
2082,Producao,57
2083,Producao,93
2084,Producao,105
2085,Producao,56
2086,Producao,59
2087,Producao,59
2088,Producao,62
2089,Producao,62
2090,Producao,59
2091,Producao,59
2092,Producao,58
2093,Producao,60
2094,Producao,60
2095,Producao,59
2096,Producao,59
2097,Producao,60
2098,Producao,65
2099,Producao,62
2100,Producao,67
2101,Producao,71
2102,Producao,57
2103,Producao,58
2104,Producao,90
2105,Producao,54
2106,Producao,60
2107,Producao,83
2108,Producao,62
2109,Producao,60
2109,Falta de operador,156
2110,Producao,65
2111,Producao,58
2112,Producao,55
2113,Producao,80
2114,Producao,82
2115,Producao,57
2115,Falta de operador,221
2116,Producao,56
2117,Producao,58
2118,Producao,62
2118,Falta de operador,135
2119,Producao,84
2120,Producao,83
2121,Producao,57
2122,Producao,57
2123,Producao,59
2124,Producao,60
2125,Producao,60
2126,Producao,59
2127,Producao,124
2128,Producao,163
2129,Producao,59
2129,Falta de operador,39
2130,Producao,61
2131,Producao,60
2132,Producao,58
2133,Producao,145
2134,Producao,28
2134,Falta de operador,189
2135,Producao,58
2136,Producao,62
2137,Producao,56
2138,Producao,54
2139,Producao,55
2140,Producao,63
2141,Producao,61
2142,Producao,56
2143,Producao,60
2144,Producao,65
2145,Producao,59
2146,Producao,58
2147,Producao,58
2148,Producao,57
2149,Producao,55
2150,Producao,69
2151,Producao,57
2152,Producao,56
2153,Producao,57
2154,Producao,60
2155,Producao,55
2156,Producao,57
2157,Producao,60
2158,Producao,59
2159,Producao,57
2160,Producao,57
2161,Producao,57
2162,Producao,58
2163,Producao,60
2164,Producao,60
2165,Producao,62
2166,Producao,56
2167,Producao,58
2168,Producao,58
2169,Producao,59
2170,Producao,55
2171,Producao,125
2172,Producao,129
2172,Limpeza,1906
2172,Falta de operador,11972
2173,Producao,52
2173,Reajustes,819
2174,Producao,50
2174,Reajustes,528
2175,Producao,45
2175,Reajustes,377
2176,Producao,102
2177,Producao,119
2178,Producao,127
2179,Producao,72
2180,Producao,132
2181,Producao,104
2182,Producao,129
2183,Producao,100
2184,Producao,74
2185,Producao,137
2186,Producao,89
2187,Producao,120
2187,Reajustes,294
2188,Producao,114
2189,Producao,69
2190,Producao,73
2190,Reajustes,816
2191,Producao,65
2192,Producao,68
2193,Producao,75
2194,Producao,71
2195,Producao,106
2196,Producao,98
2197,Producao,92
2198,Producao,65
2199,Producao,67
2200,Producao,76
2201,Producao,67
2202,Producao,140
2203,Producao,133
2204,Producao,62
2205,Producao,62
2206,Producao,74
2207,Producao,85
2208,Producao,69
2209,Producao,73
2210,Producao,67
2211,Producao,101
2212,Producao,81
2213,Producao,68
2214,Producao,65
2215,Producao,46
2215,Intervalos,1800
2215,Intervalos,395
2216,Producao,67
2216,Reajustes,566
2217,Producao,75
2218,Producao,78
2219,Producao,86
2220,Producao,60
2221,Producao,64
2222,Producao,66
2223,Producao,63
2224,Producao,67
2225,Producao,83
2226,Producao,64
2227,Producao,112
2228,Producao,67
2229,Producao,59
2230,Producao,61
2231,Producao,69
2232,Producao,100
2233,Producao,63
2234,Producao,133
2235,Producao,75
2236,Producao,67
2237,Producao,69
2237,Reajustes,255
2238,Producao,63
2239,Producao,67
2240,Producao,62
2241,Producao,81
2242,Producao,68
2243,Producao,60
2244,Producao,66
2245,Producao,71
2246,Producao,63
2247,Producao,65
2248,Producao,62
2249,Producao,108
2250,Producao,63
2251,Producao,66
2252,Producao,81
2253,Producao,64
2254,Producao,67
2254,Reajustes,130
2255,Producao,63
2256,Producao,81
2257,Producao,61
2258,Producao,72
2259,Producao,60
2260,Producao,79
2261,Producao,67
2262,Producao,61
2263,Producao,62
2264,Producao,66
2264,Conferencia de Kanban,1419
2265,Producao,138
2266,Producao,62
2267,Producao,84
2268,Producao,65
2269,Producao,63
2270,Producao,63
2271,Producao,91
2272,Producao,63
2273,Producao,63
2274,Producao,58
2275,Producao,62
2276,Producao,59
2277,Producao,68
2278,Producao,65
2279,Producao,61
2280,Producao,111
2281,Producao,69
2282,Producao,63
2283,Producao,67
2284,Producao,63
2285,Producao,60
2286,Producao,62
2287,Producao,131
2288,Producao,131
2289,Producao,65
2290,Producao,65
2291,Producao,65
2292,Producao,75
2293,Producao,73
2294,Producao,107
2295,Producao,45
2295,Reajustes,840
2296,Producao,67
2297,Producao,64
2298,Producao,66
2299,Producao,81
2300,Producao,72
2301,Producao,69
2302,Producao,50
2303,Producao,61
2304,Producao,113
2305,Producao,113
2306,Producao,55
2307,Producao,53
2308,Producao,54
2309,Producao,55
2310,Producao,149
2311,Producao,70
2312,Producao,54
2313,Producao,54
2314,Producao,60
2315,Producao,54
2316,Producao,63
2317,Producao,53
2318,Producao,54
2319,Producao,54
2320,Producao,53
2321,Producao,53
2322,Producao,60
2323,Producao,54
2324,Producao,54
2325,Producao,54
2326,Producao,53
2327,Producao,54
2328,Producao,88
2329,Producao,54
2330,Producao,63
2331,Producao,54
2332,Producao,60
2333,Producao,54
2334,Producao,68
2335,Producao,55
2336,Producao,76
2337,Producao,56
2338,Producao,54
2339,Producao,54
2340,Producao,56
2341,Producao,55
2342,Producao,55
2343,Producao,60
2344,Producao,54
2345,Producao,56
2346,Producao,61
2347,Producao,87
2348,Producao,64
2349,Producao,54
2350,Producao,53
2351,Producao,54
2352,Producao,84
2353,Producao,48
2353,Medicao,195
2354,Producao,77
2355,Producao,70
2355,Reajustes,1046
2356,Producao,66
2357,Producao,65
2358,Producao,72
2359,Producao,70
2360,Producao,68
2361,Producao,80
2362,Producao,115
2363,Producao,68
2364,Producao,80
2365,Producao,65
2366,Producao,64
2367,Producao,67
2368,Producao,63
2369,Producao,115
2370,Producao,115
2371,Producao,66
2372,Producao,82
2373,Producao,64
2374,Producao,64
2375,Producao,69
2376,Producao,78
2377,Producao,75
2378,Producao,63
2379,Producao,66
2380,Producao,107
2381,Producao,59
2382,Producao,60
2383,Producao,72
2384,Producao,72
2385,Producao,51
2385,Treinamentos,1496
2386,Producao,61
2386,Conferencia de Kanban,1076
2387,Producao,100
2388,Producao,71
2389,Producao,69
2389,Medicao,516
2390,Producao,75
2391,Producao,74
2392,Producao,69
2393,Producao,69
2394,Producao,71
2395,Producao,69
2396,Producao,78
2397,Producao,80
2398,Producao,83
2399,Producao,68
2400,Producao,66
2401,Producao,71
2402,Producao,77
2403,Producao,92
2404,Producao,64
2405,Producao,80
2406,Producao,79
2407,Producao,72
2408,Producao,78
2409,Producao,83
2410,Producao,86
2411,Producao,96
2412,Producao,88
2413,Producao,123
2414,Producao,47
2414,Medicao,1262
2415,Producao,51
2415,Medicao,157
2416,Producao,70
2417,Producao,64
2418,Producao,57
2419,Producao,72
2420,Producao,69
2421,Producao,69
2422,Producao,66
2423,Producao,71
2424,Producao,85
2425,Producao,66
2426,Producao,71
2427,Producao,70
2428,Producao,81
2429,Producao,71
2430,Producao,63
2431,Producao,66
2432,Producao,68
2433,Producao,86
2434,Producao,89
2435,Producao,71
2436,Producao,84
2437,Producao,46
2437,Medicao,642
2438,Producao,71
2439,Producao,71
2440,Producao,77
2441,Producao,73
2442,Producao,69
2443,Producao,72
2444,Producao,90
2445,Producao,65
2446,Producao,75
2447,Producao,69
2448,Producao,68
2449,Producao,64
2450,Producao,48
2450,Intervalos,1800
2450,Intervalos,282
2451,Producao,71
2452,Producao,69
2453,Producao,76
2454,Producao,73
2455,Producao,71
2456,Producao,67
2457,Producao,65
2458,Producao,66
2459,Producao,74
2460,Producao,82
2461,Producao,88
2462,Producao,69
2463,Producao,68
2464,Producao,64
2465,Producao,67
2466,Producao,61
2467,Producao,63
2468,Producao,64
2469,Producao,61
2470,Producao,66
2471,Producao,61
2472,Producao,65
2472,Conferencia de Kanban,998
2473,Producao,74
2474,Producao,63
2475,Producao,67
2476,Producao,88
2477,Producao,67
2478,Producao,63
2479,Producao,66
2480,Producao,65
2481,Producao,85
2482,Producao,72
2483,Producao,63
2484,Producao,74
2485,Producao,63
2486,Producao,61
2487,Producao,63
2488,Producao,65
2489,Producao,63
2490,Producao,67
2491,Producao,71
2492,Producao,65
2493,Producao,64
2494,Producao,73
2495,Producao,63
2496,Producao,65
2497,Producao,64
2498,Producao,65
2499,Producao,69
2500,Producao,62
2501,Producao,63
2502,Producao,70
2503,Producao,66
2504,Producao,61
2505,Producao,63
2506,Producao,79
2507,Producao,64
2508,Producao,61
2509,Producao,72
2510,Producao,65
2511,Producao,62
2512,Producao,68
2513,Producao,61
2514,Producao,73
2515,Producao,71
2516,Producao,74
2517,Producao,65
2518,Producao,65
2519,Producao,62
2520,Producao,67
2521,Producao,63
2522,Producao,69
2523,Producao,60
2524,Producao,63
2525,Producao,68
2525,Medicao,1237
2526,Producao,62
2527,Producao,70
2528,Producao,82
2529,Producao,64
2530,Producao,64
2531,Producao,63
2532,Producao,73
2533,Producao,60
2534,Producao,68
2535,Producao,72
2536,Producao,62
2537,Producao,58
2538,Producao,60
2539,Producao,58
2540,Producao,75
2541,Producao,75
2542,Producao,71
2543,Producao,66
2544,Producao,70
2545,Producao,59
2546,Producao,61
2547,Producao,84
2548,Producao,61
2549,Producao,60
2550,Producao,64
2551,Producao,75
2552,Producao,62
2553,Producao,69
2554,Producao,65
2555,Producao,63
2556,Producao,71
2557,Producao,613
2557,Conferencia de Kanban,462
2557,Reajustes,572
2558,Producao,56
2558,Medicao,549
2559,Producao,64
2560,Producao,62
2561,Producao,62
2562,Producao,60
2563,Producao,62
2564,Producao,62
2565,Producao,62
2566,Producao,61
2567,Producao,58
2568,Producao,59
2569,Producao,58
2570,Producao,64
2571,Producao,73
2572,Producao,59
2573,Producao,68
2574,Producao,59
2575,Producao,69
2576,Producao,62
2577,Producao,61
2578,Producao,62
2579,Producao,59
2580,Producao,61
2581,Producao,58
2582,Producao,60
2583,Producao,70
2584,Producao,73
2585,Producao,65
2586,Producao,59
2587,Producao,46
2587,Reajustes,1190
2588,Producao,57
2588,Reajustes,922
2589,Producao,119
2590,Producao,75
2591,Producao,65
2592,Producao,63
2593,Producao,62
2594,Producao,63
2595,Producao,65
2596,Producao,59
2597,Producao,62
2598,Producao,60
2599,Producao,67
2600,Producao,60
2601,Producao,72
2602,Producao,66
2603,Producao,64
2604,Producao,69
2605,Producao,61
2606,Producao,62
2607,Producao,60
2608,Producao,63
2609,Producao,66
2610,Producao,75
2611,Producao,61
2612,Producao,62
2613,Producao,67
2614,Producao,61
2615,Producao,56
2615,Medicao,184
2616,Producao,62
2617,Producao,63
2618,Producao,64
2619,Producao,64
2620,Producao,64
2621,Producao,76
2622,Producao,71
2623,Producao,64
2624,Producao,60
2625,Producao,62
2626,Producao,62
2627,Producao,62
2628,Producao,59
2629,Producao,72
2630,Producao,65
2631,Producao,68
2632,Producao,59
2633,Producao,63
2634,Producao,67
2635,Producao,60
2636,Producao,63
2637,Producao,59
2638,Producao,75
2639,Producao,70
2640,Producao,63
2641,Producao,62
2642,Producao,64
2643,Producao,55
2643,Medicao,770
2644,Producao,62
2645,Producao,59
2646,Producao,60
2647,Producao,60
2648,Producao,60
2649,Producao,64
2650,Producao,61
2651,Producao,64
2652,Producao,60
2653,Producao,60
2654,Producao,61
2655,Producao,60
2656,Producao,59
2657,Producao,60
2658,Producao,66
2659,Producao,60
2660,Producao,62
2661,Producao,61
2662,Producao,59
2663,Producao,60
2664,Producao,59
2665,Producao,71
2666,Producao,63
2667,Producao,62
2668,Producao,74
2669,Producao,66
2670,Producao,62
2671,Producao,69
2672,Producao,67
2673,Producao,61
2674,Producao,65
2675,Producao,63
2676,Producao,72
2677,Producao,61
2678,Producao,60
2679,Producao,65
2680,Producao,70
2681,Producao,69
2682,Producao,67
2683,Producao,63
2684,Producao,66
2685,Producao,62
2686,Producao,83
2687,Producao,150
2688,Producao,109
2689,Producao,139
2690,Producao,83
2691,Producao,91
2692,Producao,59
2693,Producao,63
2694,Producao,61
2695,Producao,69
2696,Producao,68
2697,Producao,64
2698,Producao,63
2699,Producao,60
2700,Producao,69
2701,Producao,60
2702,Producao,68
2702,Medicao,867
2703,Producao,61
2704,Producao,58
2705,Producao,60
2706,Producao,59
2707,Producao,60
2708,Producao,58
2709,Producao,63
2710,Producao,62
2711,Producao,62
2712,Producao,60
2713,Producao,63
2714,Producao,59
2715,Producao,61
2716,Producao,76
2717,Producao,60
2718,Producao,59
2719,Producao,61
2720,Producao,60
2721,Producao,66
2722,Producao,59
2723,Producao,61
2724,Producao,58
2725,Producao,61
2726,Producao,60
2727,Producao,60
2728,Producao,63
2729,Producao,67
2730,Producao,73
2731,Producao,59
2732,Producao,62
2733,Producao,75
2734,Producao,80
2735,Producao,153
2736,Producao,84
2737,Producao,60
2738,Producao,59
2739,Producao,62
2740,Producao,70
2741,Producao,63
2742,Producao,59
2743,Producao,59
2744,Producao,66
2745,Producao,61
2746,Producao,64
2747,Producao,59
2748,Producao,64
2749,Producao,62
2750,Producao,63
2751,Producao,62
2752,Producao,63
2753,Producao,76
2753,Intervalos,1800
2753,Intervalos,289
2754,Producao,64
2754,Conferencia de Kanban,1311
2755,Producao,63
2756,Producao,59
2757,Producao,80
2758,Producao,60
2759,Producao,60
2760,Producao,60
2761,Producao,78
2762,Producao,61
2763,Producao,54
2763,Reunioes,4214
2764,Producao,59
2765,Producao,63
2766,Producao,76
2767,Producao,77
2768,Producao,83
2769,Producao,59
2770,Producao,78
2771,Producao,75
2772,Producao,61
2773,Producao,68
2774,Producao,65
2775,Producao,61
2776,Producao,83
2777,Producao,57
2777,Medicao,611
2778,Producao,63
2779,Producao,71
2780,Producao,69
2781,Producao,96
2782,Producao,67
2783,Producao,71
2784,Producao,65
2785,Producao,67
2786,Producao,60
2787,Producao,65
2788,Producao,82
2789,Producao,75
2790,Producao,60
2791,Producao,66
2792,Producao,84
2793,Producao,90
2794,Producao,82
2795,Producao,135
2796,Producao,60
2797,Producao,62
2798,Producao,111
2799,Producao,60
2800,Producao,65
2801,Producao,60
2802,Producao,61
2803,Producao,60
2804,Producao,1013
2805,Producao,56
2805,Medicao,664
2806,Producao,63
2807,Producao,112
2808,Producao,62
2809,Producao,68
2810,Producao,97
2811,Producao,63
2812,Producao,58
2813,Producao,59
2814,Producao,60
2815,Producao,59
2816,Producao,63
2817,Producao,61
2818,Producao,81
2819,Producao,71
2820,Producao,64
2821,Producao,66
2822,Producao,63
2823,Producao,67
2824,Producao,78
2825,Producao,87
2826,Producao,69
2827,Producao,90
2828,Producao,76
2829,Producao,58
2830,Producao,66
2831,Producao,63
2832,Producao,75
2833,Producao,73
2834,Producao,86
2835,Producao,61
2836,Producao,65
2837,Producao,60
2838,Producao,135
2839,Producao,96
2840,Producao,70
2841,Producao,65
2842,Producao,61
2843,Producao,65
2844,Producao,59
2845,Producao,70
2846,Producao,57
2847,Producao,56
2848,Producao,69
2849,Producao,54
2850,Producao,61
2851,Producao,63
2852,Producao,74
2853,Producao,59
2854,Producao,62
2855,Producao,62
2856,Producao,61
2857,Producao,60
2858,Producao,60
2859,Producao,56
2860,Producao,58
2861,Producao,152
2862,Producao,66
2863,Producao,60
2864,Producao,58
2865,Producao,76
2866,Producao,78
2867,Producao,58
2868,Producao,60
2869,Producao,58
2870,Producao,60
2871,Producao,44
2871,Medicao,436
2872,Producao,78
2873,Producao,64
2874,Producao,58
2875,Producao,65
2876,Producao,60
2877,Producao,69
2878,Producao,60
2879,Producao,18
2880,Producao,46
2881,Producao,72
2882,Producao,59
2883,Producao,141
2884,Producao,39
2885,Producao,101
2886,Producao,81
2886,Reajustes,234
2887,Producao,71
2888,Producao,35
2888,Reajustes,534
2888,Medicao,480
2889,Producao,64
2890,Producao,63
2891,Producao,60
2892,Producao,64
2893,Producao,59
2894,Producao,62
2895,Producao,62
2896,Producao,58
2897,Producao,58
2898,Producao,61
2899,Producao,60
2900,Producao,61
2901,Producao,58
2902,Producao,60
2903,Producao,59
2904,Producao,57
2905,Producao,59
2906,Producao,62
2907,Producao,62
2908,Producao,58
2909,Producao,61
2910,Producao,58
2911,Producao,58
2912,Producao,70
2913,Producao,59
2914,Producao,58
2915,Producao,57
2916,Producao,59
2917,Producao,58
2918,Producao,58
2919,Producao,59
2920,Producao,66
2921,Producao,60
2922,Producao,63
2923,Producao,62
2924,Producao,57
2925,Producao,57
2926,Producao,59
2927,Producao,61
2928,Producao,59
2929,Producao,58
2930,Producao,60
2931,Producao,63
2932,Producao,58
2933,Producao,56
2934,Producao,59
2935,Producao,59
2936,Producao,58
2937,Producao,60
2938,Producao,65
2939,Producao,61
2940,Producao,57
2941,Producao,59
2942,Producao,58
2943,Producao,57
2944,Producao,59
2945,Producao,57
2946,Producao,59
2947,Producao,57
2948,Producao,59
2949,Producao,56
2950,Producao,58
2951,Producao,65
2952,Producao,64
2953,Producao,61
2954,Producao,61
2954,Conferencia de Kanban,1043
2955,Producao,57
2956,Producao,61
2957,Producao,57
2958,Producao,59
2959,Producao,66
2960,Producao,59
2961,Producao,58
2962,Producao,58
2963,Producao,61
2964,Producao,61
2965,Producao,60
2966,Producao,58
2967,Producao,59
2968,Producao,58
2969,Producao,59
2970,Producao,61
2971,Producao,57
2972,Producao,58
2973,Producao,57
2974,Producao,57
2975,Producao,58
2976,Producao,57
2977,Producao,58
2978,Producao,58
2979,Producao,65
2980,Producao,56
2981,Producao,62
2982,Producao,58
2983,Producao,61
2984,Producao,64
2985,Producao,62
2986,Producao,59
2987,Producao,84
2988,Producao,60
2989,Producao,60
2990,Producao,73
2991,Producao,57
2992,Producao,67
2993,Producao,83
2994,Producao,70
2995,Producao,59
2996,Producao,60
2997,Producao,57
2998,Producao,60
2999,Producao,58
3000,Producao,60
3001,Producao,69
3002,Producao,58
3003,Producao,58
3004,Producao,59
3005,Producao,59
3006,Producao,57
3007,Producao,61
3008,Producao,59
3009,Producao,57
3010,Producao,57
3011,Producao,65
3012,Producao,59
3013,Producao,59
3014,Producao,61
3015,Producao,58
3016,Producao,62
3017,Producao,60
3018,Producao,66
3019,Producao,60
3020,Producao,57
3021,Producao,61
3022,Producao,61
3023,Producao,64
3023,Intervalos,1800
3023,Intervalos,427
3024,Producao,159
3025,Producao,65
3026,Producao,65
3027,Producao,59
3028,Producao,65
3029,Producao,58
3030,Producao,54
3030,Medicao,830
3031,Producao,60
3032,Producao,59
3033,Producao,65
3034,Producao,60
3035,Producao,58
3036,Producao,58
3037,Producao,58
3038,Producao,61
3039,Producao,62
3040,Producao,63
3041,Producao,65
3042,Producao,58
3043,Producao,58
3044,Producao,63
3045,Producao,57
3046,Producao,90
3047,Producao,132
3048,Producao,64
3049,Producao,73
3050,Producao,58
3051,Producao,60
3052,Producao,73
3053,Producao,66
3054,Producao,57
3055,Producao,72
3056,Producao,60
3057,Producao,64
3058,Producao,68
3059,Producao,58
3060,Producao,57
3061,Producao,57
3062,Producao,59
3063,Producao,66
3064,Producao,66
3065,Producao,62
3066,Producao,60
3067,Producao,57
3068,Producao,57
3069,Producao,59
3070,Producao,63
3071,Producao,58
3072,Producao,57
3073,Producao,57
3074,Producao,59
3075,Producao,59
3076,Producao,64
3077,Producao,62
3078,Producao,75
3079,Producao,57
3080,Producao,58
3081,Producao,67
3082,Producao,59
3083,Producao,68
3084,Producao,69
3085,Producao,62
3086,Producao,57
3087,Producao,59
3088,Producao,95
3089,Producao,60
3090,Producao,135
3091,Producao,60
3092,Producao,57
3093,Producao,59
3094,Producao,62
3095,Producao,59
3096,Producao,61
3097,Producao,45
3097,Reajustes,792
3098,Producao,67
3098,Conferencia de Kanban,1321
3099,Producao,59
3100,Producao,71
3101,Producao,62
3102,Producao,69
3103,Producao,63
3104,Producao,57
3105,Producao,57
3106,Producao,61
3107,Producao,67
3108,Producao,78
3109,Producao,59
3110,Producao,58
3110,Medicao,376
3111,Producao,56
3112,Producao,62
3113,Producao,58
3114,Producao,61
3115,Producao,70
3116,Producao,79
3117,Producao,68
3118,Producao,56
3119,Producao,58
3120,Producao,61
3121,Producao,60
3122,Producao,44
3122,Reajustes,688
3123,Producao,65
3124,Producao,137
3125,Producao,67
3126,Producao,63
3127,Producao,46
3127,Reajustes,323
3128,Producao,58
3128,Reajustes,141
3129,Producao,61
3130,Producao,93
3131,Producao,61
3132,Producao,58
3133,Producao,64
3134,Producao,58
3135,Producao,92
3136,Producao,59
3137,Producao,63
3138,Producao,63
3139,Producao,57
3140,Producao,59
3141,Producao,59
3142,Producao,58
3143,Producao,58
3144,Producao,59
3145,Producao,59
3146,Producao,61
3147,Producao,59
3148,Producao,68
3149,Producao,63
3150,Producao,59
3151,Producao,59
3152,Producao,60
3153,Producao,58
3154,Producao,59
3155,Producao,63
3156,Producao,63
3157,Producao,58
3158,Producao,61
3159,Producao,58
3160,Producao,58
3161,Producao,64
3162,Producao,86
3163,Producao,63
3164,Producao,76
3165,Producao,91
3166,Producao,71
3167,Producao,74
3168,Producao,68
3169,Producao,61
3170,Producao,95
3171,Producao,75
3172,Producao,61
3173,Producao,60
3174,Producao,64
3175,Producao,68
3176,Producao,58
3177,Producao,58
3178,Producao,62
3179,Producao,59
3180,Producao,58
3181,Producao,58
3182,Producao,60
3183,Producao,58
3184,Producao,58
3185,Producao,64
3185,Conferencia de Kanban,696
3186,Producao,60
3187,Producao,59
3188,Producao,59
3189,Producao,63
3190,Producao,59
3191,Producao,61
3192,Producao,57
3193,Producao,56
3194,Producao,63
3195,Producao,60
3196,Producao,59
3197,Producao,67
3198,Producao,59
3199,Producao,64
3200,Producao,58
3201,Producao,60
3202,Producao,64
3203,Producao,57
3204,Producao,60
3205,Producao,58
3206,Producao,68
3207,Producao,58
3208,Producao,71
3209,Producao,60
3210,Producao,58
3211,Producao,63
3212,Producao,58
3213,Producao,63
3214,Producao,60
3215,Producao,60
3216,Producao,67
3217,Producao,61
3218,Producao,72
3219,Producao,57
3220,Producao,60
3221,Producao,57
3222,Producao,57
3223,Producao,59
3224,Producao,62
3225,Producao,60
3226,Producao,62
3227,Producao,57
3228,Producao,61
3229,Producao,58
3230,Producao,57
3231,Producao,62
3232,Producao,75
3233,Producao,76
3234,Producao,73
3235,Producao,62
3236,Producao,67
3237,Producao,59
3238,Producao,64
3239,Producao,84
3240,Producao,82
3241,Producao,63
3242,Producao,63
3243,Producao,64
3244,Producao,59
3245,Producao,58
3246,Producao,62
3247,Producao,63
3248,Producao,57
3249,Producao,58
3250,Producao,59
3251,Producao,59
3252,Producao,74
3253,Producao,69
3254,Producao,64
3255,Producao,62
3256,Producao,47
3256,Intervalos,1800
3256,Intervalos,923
3257,Producao,58
3257,Medicao,681
3258,Producao,58
3259,Producao,75
3260,Producao,74
3261,Producao,68
3262,Producao,155
3263,Producao,73
3264,Producao,63
3265,Producao,60
3266,Producao,59
3267,Producao,65
3268,Producao,58
3269,Producao,58
3270,Producao,60
3271,Producao,62
3272,Producao,61
3273,Producao,58
3274,Producao,59
3275,Producao,59
3276,Producao,70
3277,Producao,63
3278,Producao,57
3279,Producao,86
3280,Producao,64
3281,Producao,64
3282,Producao,61
3283,Producao,85
3284,Producao,59
3285,Producao,58
3286,Producao,59
3287,Producao,61
3288,Producao,60
3289,Producao,63
3290,Producao,85
3291,Producao,62
3292,Producao,60
3293,Producao,61
3294,Producao,59
3295,Producao,65
3296,Producao,61
3297,Producao,56
3298,Producao,61
3299,Producao,62
3300,Producao,59
3301,Producao,57
3302,Producao,62
3303,Producao,59
3304,Producao,60
3305,Producao,58
3306,Producao,64
3307,Producao,61
3308,Producao,59
3309,Producao,59
